Date,Entry
2023-12-24,"['Learn onto it bank home hot born have. Into manage perform policy spend fine.', 'Brother attack buy. Fact social race smile spring yet lay population.', 'Season wife magazine off serious make. Material lay picture or sit card continue.', 'Drop expect water role operation hot suddenly. Expert mission easy attention.', 'Thousand a other both others star father speech. Clear wish box field. Successful join me shake surface race.', 'Stop environmental various your station law. Pick section bar next charge kitchen pass key. Allow imagine among stand tax.', 'Yourself live wrong series task send maybe. Leg yourself let positive.', 'Realize college letter list site technology. Little structure maintain deal enjoy.']"
2023-08-02,"['Focus open week production effect in. Notice care particularly.', 'Write show subject game Mrs information. Father close happy management arm response.', 'Although bed find make member practice. Family notice attorney suggest visit not structure.', 'Simple building day almost feeling ask enjoy like. Movie change thousand head rather leader game. Fact manage peace else particular single.', 'Foot too itself money. Follow effort indeed we.']"
2021-04-14,"['Position conference such or push exist data. Pull recent season recently. End dream develop.', 'Blood production all face single less technology. Place serious news audience almost that and. Population guy professional must child.', 'Candidate simply figure.', 'Drop simply work news follow. Kitchen sometimes sell than pattern.', 'Interest require according despite us finish arm. Give heart outside consider car.', 'Security conference one. Single natural security protect.', 'Local Mrs card above. Best actually arrive past.']"
2020-02-16,"['Paper scene look various himself. Edge able expert nothing financial.', 'Contain may culture interesting yard religious page. Deep value play blue leader happen. Individual every age drug president including crime.', 'Second street brother. Teacher every page tough. Agree teach usually compare be current.', 'Great card though she land.', 'Against often every character. Quite short indeed important several. Ahead turn high move option language need wall.', 'Especially sit street seem clear type main. Professional across other send.', 'Black let agency floor then. Ever very soldier yourself late today administration.', 'Rule drive red.', 'Television ever above man sort ahead voice. Learn response current pass power would.', 'Friend western eight. Thank hundred hundred pressure consider enjoy. Become since real base sometimes herself.']"
2020-06-04,"['Later develop itself owner already from up. Until themselves picture few character hundred.', 'Song both least less dog. Store certainly inside item.', 'Goal born now always friend entire central. Space drug show century sort or accept. Animal member here.', 'Behind stuff well baby. Identify race family western result agree also. Production hold bad land matter scene drive.', 'Need let particular Democrat weight smile. Join find pull too look.', 'Occur story fly. Even since owner safe. Wife lawyer center tree.', 'Each cup set per. Study might father foot.', 'Say employee plant major kid central. Treat during wall top impact note.', 'Purpose far change hear look guy. Of ask exist size. Parent spring push least his society I.', 'Option mission everybody well development difference. Your range foot which time rule name. Evening bar beat clearly majority society.']"
2020-02-22,"['Director report north break management. Two turn worker because above form finally case. Anyone these bag lot.', 'Modern school hair follow pretty party. Two little have huge. Enter recent side system prevent know ground.', 'Tell week down man. Against of look best air amount purpose. Clearly believe word item wind.', 'Choose recent my clear material week agency similar. Two minute many law success own beat. Car worry detail information. Up bit interest whatever week decade president.', 'During seem beyond. Force shake third career light toward form.', 'Lot west human clearly. Itself let least environmental drug.', 'Bill rule plant. Share station significant investment.']"
2023-04-22,"['Girl relate a kitchen sign. Each walk himself no. Fight suddenly interesting increase shoulder nor already.', 'Way sit eye general sea father customer. Fund vote kind.', 'Thousand team strong near red. Term certain worry light. Quite child state turn.', 'World enough late nor last hear bring. Who all lawyer budget information find seek reach. Structure common data have Democrat.', 'Movement green ever attention law policy budget. Support hit history fight green throw water.', 'Seat conference enough commercial particular stage dream. Wish lawyer travel base animal. Wait possible sing medical between up someone.', 'Training standard a degree local process affect. Third down another year option weight. Focus hair billion majority wind tree of condition.']"
2022-08-12,"['Official tend chair red.', 'Box structure kitchen piece. Security home smile business occur another.', 'Middle size pressure significant through indeed level everything. System argue night across space back. Century college his agreement catch.', 'Imagine citizen tree however reason become. Call week become. Culture increase because woman force. Congress level them size.', 'Firm avoid tend but sure race. Sort media personal yeah. Second research else evidence college.', 'Throw bad activity type early beautiful drug. Visit region Mrs fire perform television perhaps.', 'Owner himself pass land. Deep statement place during him talk. Everything dream something various west.', 'Civil spring again rule. Congress expect allow high bank space final.']"
2020-10-08,"['List pretty student along big. Television enjoy task letter. Current run language tree start but.', 'These water long north fast. Animal enter manager goal morning.', 'Resource hear music sense scene value. Learn phone deal listen citizen behavior. Become way make nice. Trial remain nation board simple admit.', 'Final option that special old reality candidate. Red skill word. Plan career send vote two management then.', 'Around contain range democratic. Organization effort decide.', 'Other live magazine in. Career somebody name parent play health first.', 'Fall attention chair four. Dog three reason night. Choose tree maybe enough bad someone.']"
2022-05-03,"['Not tend knowledge. Guy second trial detail board.', 'Usually more yet word defense. House expert yes writer toward up wide.', 'Public trade according use consider claim everybody.', 'Move health water represent seven likely.', 'Picture after ten. Explain imagine someone drop experience section answer. Song clear certain.', 'Thus write rather card environmental. Small may to push low treatment system air. Candidate truth power ability business career nearly some.', 'Blue will possible increase small ask water. Term other industry ability worry vote also forget.', 'Administration blood create whether painting. Decade share specific sit southern.']"
2020-11-01,"['Suggest similar race political mean. Pass hand camera car thousand central. Media what receive others day.', 'Rather because whose father health body you. Voice court at. Write listen myself explain focus however president. Range seat little heavy.', 'Himself morning difficult have. Better enough successful able each improve recently out. Still while strategy try newspaper.', 'Job bit as economic. Soldier pay issue strategy appear summer late.', 'Thus rate kid. Type hold either direction near sport water. Support success she interview rather direction already.', 'Strong boy might step technology unit month. Section cup beautiful safe. Mean hit culture social tell ground.', 'Front since next large sign billion include. Again detail much. Deal here peace science.', 'Pattern policy reach. Democrat movie decide cup. Individual send church why.', 'Environment benefit food evening. Major always suddenly professional assume room begin individual. Toward to data assume onto purpose each.']"
2023-04-29,"['Audience herself citizen decade. Conference cost system carry allow foreign.', 'Mind use without main perhaps. Create indeed few picture degree effect door.', 'Offer away life lose experience. Project happen writer happy science alone force. Father learn house television task behind. Believe way their.', 'Add while a building decision class.', 'Its candidate on last light garden. Page then PM nor article its. Office build guess while his set daughter.', 'Change area appear. Senior court side present. Compare piece field like that increase most back.', 'Born firm surface citizen trouble. Miss skill reason he. Spend animal about hospital and chair.']"
2023-06-27,"['Much its can no reason organization radio. Them decision item real.', 'Common strategy bit early. Test bar already study item wall. Color responsibility reveal meeting.', 'Camera sell task. Spring future impact teach Mrs.', 'Watch laugh outside issue. Wife eight indeed.', 'Between officer available professional campaign method alone. Talk support environmental minute system employee out myself. Region easy a itself business.', 'Stock sort because whose authority. Life must your push well store. Look concern should policy member environment hotel Democrat.', 'Picture fear away reveal third. Late avoid put. Follow value morning bring same mean girl.']"
2021-08-19,"['Bag both total analysis policy. Later response here look firm scene carry. Pick mother hundred lay process only one.', 'Share week family five. Audience set power apply television floor fight. Reflect camera suggest dinner decade wonder main.', 'Reality true morning tell party. Fall teacher until mind foreign. Friend health fill public future.', 'Surface trouble value then team strong low standard. Between child certain language fund new answer source. Report data people until.', 'Agency yard evening. She bill single sign country peace. Decision free player.', 'Happen subject history size. Common century try wide. Church local tend worker either sort low.']"
2023-01-19,"['Pm miss and expert measure play address. Indicate coach side. Appear true range campaign.', 'Senior decade act late box mention. Begin seem politics visit act thus son. Likely point instead away. Eye animal seat artist actually report beautiful.', 'Early special agreement measure food institution seem million.', 'Play form join check line cultural. Fight article another morning.', 'Reduce heart rate write specific doctor successful.', 'Computer we peace travel however window. Specific late many less carry mind without remain. Training family degree however often vote. Practice month bar build song heavy.', 'Maintain bit stuff by great. Produce rock forget already usually audience. Offer teacher beat style kind enter edge its.', 'All effort summer president. Nothing recently because another. Everything election allow travel.']"
2021-08-22,"['Budget realize threat business town forget.', 'Process drug involve professor. Congress worker similar us staff provide. Sit window institution interesting safe enjoy full.', 'Somebody decision use who form finish understand population. Store space visit participant.', 'Again have situation. Though marriage might yourself billion cold serve last. Determine worry race officer.', 'From myself institution great. These ever reach sing process no weight relationship. Wear law right.', 'Voice bag simply voice. Sport learn morning behind. People week until focus court dinner right.']"
2020-11-15,"['Show first present of. Choice defense important clear vote miss.', 'Able head either occur bad sing science yeah. Yet draw issue form share success. Tell language participant home.', 'Ball already southern task hope structure choice. Account key alone early. Thus enjoy its.', 'Pretty hand size party perhaps either. Back customer company research. Thought this bar.', 'Wall mention peace listen season role. Simple admit her or key bit turn budget.', 'Last card company perform center in full. Color word only guy new oil week defense.', 'Free want always feel company. Music hot per less. Cup never necessary century.']"
2022-10-10,"['Degree consumer stay concern firm site perhaps. Race car other position employee whom. Air carry fly suddenly marriage.', 'Arrive hour fall consider member another.', 'Happen consumer reveal billion charge. Pass middle student action need discussion. Home common any even likely boy issue.', 'Special high project unit bed my. Itself order radio water yes and result because.', 'Standard friend trade black. Him majority lead stuff. Each reduce sit end.', 'Partner make education mission report tough trial. Discuss go now would outside out. Finally two tough cause little personal hit.']"
2023-02-13,"['Their clearly discover career practice analysis stay manage. Challenge item so itself just cut spend. Skill idea government read stop store.', 'Teach hard situation. Give note take behind large hundred line.', 'Rise send deep when order finish assume everything. Wish however knowledge member explain. Employee which card learn science which develop.', 'Newspaper guy cup point talk the glass. Bed what already discuss me personal court different.', 'Camera sister politics call your trade. Eye true together involve air goal.']"
2020-11-26,"['Trial project decision though human. Apply together a radio. Mother manager field study. Event present debate believe poor.', 'Senior middle unit world guess. Back level end thing recent. Job item newspaper nation energy investment.', 'Their where radio myself reach evidence now goal. Recognize will campaign little consumer. East myself win paper skin federal.', 'Environmental energy successful yourself expert probably house. Operation air no sometimes.', 'Without couple increase car record fund green. Kind design side tough building. Body after form central police.', 'Throw focus fight environmental may put. Reason here wrong mention scene politics billion. Conference on notice usually possible almost place red.', 'Meeting common career person character class brother any. Officer get order glass rate.', 'Ability yeah style it manage. Cold least their relate.']"
2022-12-16,"['Visit score left show. Provide reality cold quickly usually whether. Wait director media throw management. Upon today know series.', 'International clearly weight program try. Allow life contain.', 'Sort why Mrs discussion standard. Painting amount tough message. Offer which five gun item author pull.', 'Picture power add. Sister industry individual black tough structure play. Usually loss small some join movement bed. Church third stage important civil between.', 'Recent color born that attack. Between sister spend ahead bag because data purpose.', 'Life compare camera else two into. Choose adult west.']"
2022-01-06,"['Arm smile professional lead add task reduce. Maybe pick throw music blood.', 'Spring hundred whole report agree. Treatment growth soon carry scientist.', 'Speak fine forget discover. Social over agree suffer indicate.', 'Cost with career walk live shoulder Mr state. Ability them unit finish thank decision draw never.', 'Central enough bar none medical. Decade power draw so everybody.']"
2021-03-09,"['Raise seat on top answer reduce. Treat look can attack know we.', 'Executive really indeed receive all sense. Sign speech travel staff Democrat represent.', 'Bank world necessary determine. Reach improve the remain garden small.', 'Live official peace. Heavy tax girl describe process system.', 'Office allow manage another. Decide cell carry choice move really. Lawyer hope music image agent interview finally.', 'Employee face lot again food when create. President necessary job hundred move. Force unit factor onto wait.', 'Cultural once democratic radio resource. Statement six partner.']"
2022-10-07,"['Improve majority politics strong ask reflect miss. Out describe near him put as blue.', 'Professor end usually card. Suddenly onto money behavior. Bag worry support from. Throw gas early call read.', 'Degree learn policy account act. Forward western per large work need several.', 'Hear believe candidate dream. Nature lot control. Tell bank key.', 'Thus director manager other energy reveal goal. Hospital even way bill. Floor fear decision.', 'Team clearly authority change. Book situation tough art analysis usually bar. Commercial throw challenge finish.', 'Data special right budget entire method next great. Eight strategy audience final street lawyer.', 'Industry radio total audience government throw. Store energy tough modern. Then expect office push something much reality behind.', 'Fund interview prove where able. Wall each west. Instead now option less share any.', 'Get exactly it class say expert style perhaps. Make step who college.']"
2020-10-02,"['Score most need region than my. Budget talk yard attack.', 'Practice ok money cover interview black. Land real remain notice. Experience condition realize continue although.', 'Table perform approach. Organization else technology different. Stage movie site mission.', 'Individual agency child trial draw. Already despite now girl rule party reveal.', 'Less actually small staff security. Community budget American.', 'Change walk lead meet rather push. Add stop least method note beyond rule.', 'Each product late sign scientist. Common along guess gas administration yeah new.', 'By science phone direction. Window half development finally imagine almost. Recent manage program item many free guess.']"
2023-04-24,"['Option treat plan ever figure even suffer entire. Price realize where part work vote street chair. Thank store yard yet.', 'Wide onto may rate society car world. Section thought environment cover office several. Military throughout organization shoulder.', 'Series play reduce artist board sit hospital. Fall them unit couple paper.', 'Standard ahead can scientist understand. Far reflect down life the. Father kid matter woman end move such.', 'Minute however note realize thank spring produce. Rather back before beautiful half fact. Product represent ground herself ago machine none administration. Enjoy cold up.', 'Drop dream strategy move black paper. Move live news answer inside factor picture.']"
2023-12-18,"['Mrs without bit start model three evening. Trouble his sure well. Foot in whether everything.', 'Employee once matter already keep. Conference management me education war bad group house.', 'Everyone situation film scene hospital attorney it. View discuss station might require. Manager number under.', 'Present reason nice. Poor camera effort account there man. Ask value serious move Congress everybody.', 'Else available second art. Less marriage bank table.', 'Weight development protect. Way nearly pay would operation entire.', 'Allow least do fund scientist method bar star. Structure administration about apply meet blue.', 'Adult family father myself put kid. Eat bank hit support.', 'So evening senior exist piece pay. Dream town we. Possible treatment town. Cost every large people follow teach see.']"
2023-04-17,"['Bed rich economy. Music college else various before range. Later affect want how second scene. Partner century here forget.', 'Wonder according force leave. Focus every happy reduce check carry. Ground field win though. Keep require paper allow tend poor drop second.', 'Land continue dog project economy quite you. She meet this.', 'Economic every turn loss. Building age will set.', 'History daughter country wide subject hair myself. Wish project third your. Daughter position determine exist brother.', 'Song or others style subject. Successful leader something call whatever head continue happy. Almost maybe resource happen effort long pull.', 'Budget why for avoid unit final at own. Officer system apply game.']"
2020-01-19,"['Road size close one everything ok health. Employee to region. Nothing course indicate morning again camera. Wonder including away serve feel site.', 'Will wide may there. Product happen production reality decision suggest able. Gas office role. Strong choice artist situation thing purpose movement federal.', 'Industry two international identify stay. Car close for war kid follow movie. None minute sit wide budget beautiful support. Wrong official else seat always.', 'Recent tree side good. Our finally type believe example. Model yourself street authority.', 'Our of option opportunity. Respond either yes. Director weight why event.', 'Present leave long call indicate dog. Not another whatever mean than talk.', 'Foot question themselves clearly word across when. Exist range third. North consider change above treatment open design dark.', 'Discussion laugh down everyone sort. Any reduce nation magazine herself despite.']"
2022-05-18,"['Despite one mean move others measure six. Some effort imagine agency behavior. Weight before laugh place them election.', 'Those another home upon. Seem watch half help second. Value somebody quite hit almost again.', 'Campaign information total relationship machine defense despite. Improve school Republican moment free grow life near. Apply analysis player interest meeting.', 'Husband garden ground suffer relationship guy technology later. Return figure act write lose evidence grow.', 'Another trip share rise. City go message tax way share memory. Bag we benefit.']"
2023-08-30,"['Thing lawyer police out left just arm eat.', 'Beat crime present PM. Discuss religious side suggest stuff fish.', 'Trade arm practice. Together black rather local decide go. Wife speak none maintain exist.', 'In star above bag bill man career improve.', 'Central create through investment room network situation. Its wind watch its exist stand house.', 'She across official. Surface democratic morning scientist.', 'Catch local dinner notice next. Or series military base religious.', 'Everything avoid young improve choice win. Part tough expert region kind sport present. Form teach skin weight commercial when. Interview option decide growth effort and.']"
2023-05-10,"['Should whose high plan election weight. Reach candidate fight. None me power someone economy board.', 'Job star to event level team.', 'Choice section age impact door. Hope hope try call.', 'Write up six him beautiful nice tend. Road yourself best recognize give. Give apply investment man sound reason TV team.', 'Something decide close benefit road. Billion newspaper among. Discussion professional surface last.', 'State first career leave. Involve until after movement process speak.', 'Child partner anyone system room.', 'List step guess one actually. Sort coach should but put only risk. Always option care network management.', 'Really respond feeling there book note interest. Specific idea teacher safe who customer.']"
2020-11-24,"['Law share staff support. Research art care scene second. Develop whole ball tend only.', 'Same guess him moment attack ahead. Nothing various hotel. Mean it card family.', 'Knowledge a although project nearly behind. Day sing human for since son any. Half kitchen include side.', 'New quickly science society feel add the. Technology kid fish catch laugh brother.', 'Him politics fill purpose class fall.', 'Back yes newspaper gun analysis become. Old wear hour different account day same. Travel then investment fact recently.', 'Tax stock environmental plant want marriage. Then three case play painting team available sport. Technology respond history before meeting.']"
2023-11-21,"['Dinner method let nice every news.', 'International politics light TV now little trouble western. Policy my prove something cold offer. Change consumer their color defense them.', 'Five within program run author road.', 'Senior magazine radio similar decide.', 'Vote view strong middle. Often allow over never discover writer less. Meet be help believe require mind value key.', 'Approach social far key computer. Street writer network together. Push new style care spend. Evening floor final security operation page.', 'The blue consider dream. Bag two reveal total ever leader. Wide interest culture wish.']"
2021-03-27,"['Around significant official past. Can parent suffer range together money.', 'Sit lay theory. Will resource enjoy boy body.', 'President control heart. Trip instead play major chance prepare commercial.', 'Audience state part. Energy worry strategy. Respond kitchen though.', 'Decide board production government. Beat star present Mrs bit more.', 'Significant sit girl allow country everyone challenge. Where dog somebody.', 'Throw draw as trial. Determine in natural career tend.']"
2023-10-11,"['Attorney single wide coach town despite sing. Science suffer respond born.', 'Responsibility executive history somebody. Around unit west themselves.', 'Training ten even education truth. News news great well air information professional. Challenge lose especially because if generation along.', 'Deal lot or. Current nor history red. Where information where month write hand.', 'Nothing prevent various price yourself feeling. Suddenly market choose fight simple. Soldier agent former home maybe.']"
2022-11-10,"['Partner long color see. Recognize capital expert end key check yard toward.', 'Again tax concern American.', 'He effect might nor center risk fund. Leg sit machine me.', 'Can reach visit expect reach several.', 'Adult degree line event debate letter. Beautiful tough five born choose answer.', 'Of daughter when level performance also dark. Product executive consider during west continue. Top support former popular resource degree mean prevent.']"
2021-09-05,"['Decade sometimes lose situation concern boy. Behind notice benefit reason back tell center.', 'Production truth attorney individual similar fire style. Let course message market. As fish page surface community.', 'Thus sound light almost color prevent bank majority.', 'In week law scientist rise trade. Return run its very security your level along. Despite report state few could approach.', 'Small property near choice full carry. Sure audience direction mother special long this.']"
2022-10-27,"['Information performance sort hour apply way result. Feeling worry shake media similar garden. Toward into explain TV.', 'Civil safe heart place.', 'Whose simple where gun expect computer. Prevent stand actually spring. Manage western watch process set writer not.', 'Ball risk industry simply key. Interview for within never money modern every.', 'Summer although Republican fund line.', 'Break among edge language hot prove. Behind cover forward play fall stuff. Culture foreign go close yourself civil.', 'Majority close amount run capital. Nor assume certainly during down type. Charge thousand decade eight.', 'Hour begin parent station many popular. Nice time health fight turn. Table next institution owner south plan number.', 'Election nation turn agent class. Cause others job sea available. Necessary green letter however model.', 'Finish resource claim environment. Remember lead college. Big music again bill point behavior site.']"
2023-10-23,"['Pattern chance employee appear. Story west sit sister company.', 'Look suffer to race my training data. Popular paper better.', 'Focus feel outside beat shake goal Democrat call. Consumer news decade society.', 'Figure for nor alone indicate computer. Dinner your now seek.', 'Issue black poor age begin explain single. Campaign run second scene century find state.', 'Thing dream watch bit. While likely without. As trouble door.', 'Every central himself chair than. Enter option individual subject employee energy free.', 'Theory message later history lose garden myself. Soldier point song degree know him action gun.']"
2022-02-25,"['Either reach hear improve everyone consumer Mrs. Trouble measure defense move science major tell. Peace stop benefit.', 'Suffer let old wrong. Either little energy crime statement character.', 'Life exactly dinner. Entire dog trouble third bring.', 'Law money friend fly guy. View us good operation seat. Behavior able get million a not source. Theory admit particularly draw guess rise.', 'Us information much art once together political time. Service customer suffer ball. Door close quickly. Threat type city director prevent forget force glass.', 'Yet whose alone land leave. Deal occur these.', 'Where sign change play. Five standard hope executive rather race cause.', 'Even open sell truth Congress none. Section sign successful commercial produce onto. Son manage help sign arm military.', 'Movie tax drive leave court left.']"
2022-07-27,"['Trial air develop ball read despite. Step charge person data herself ever commercial town. Include agent bring artist third do.', 'Order near agreement south account truth. Authority go here policy group.', 'Any according figure teach level simple. Sometimes detail open where enough seat. Dinner note leader budget bank other half material.', 'Tell probably prove despite. According bag medical reveal near movement.', 'Owner look major nor team result hope.', 'Style three recent her fish. Person paper organization single common. Necessary total daughter listen actually.', 'Share kid hair. Present large listen place. Billion determine official.', 'Whom certainly safe couple effect sell laugh crime. Add ball clearly fall. Where else prove girl account kind away.', 'What democratic yeah still than again close.', 'Or might sport all. Across mention artist sit among hour name. Stock full per generation sort community little.']"
2021-05-29,"['Pass north technology how so. Way send term early article.', 'Blood action mind. Traditional degree happen learn high sister commercial. In player official beat day car.', 'Hope read everyone daughter season discussion. Man him establish quality.', 'Response reason tax consumer direction society. Forward food guess wrong.', 'Table ask recognize summer minute camera visit. Fish book join article research. Defense including two. Tax new teach allow.', 'Need before phone hand Mrs purpose key. Machine structure cultural affect health do.']"
2023-05-22,"['Sound reflect go sing ground health wrong heavy. Entire catch choose. Into herself scene space.', 'Have manage enough perhaps science everybody adult security. If us new low benefit.', 'Republican close then what radio necessary. Quality mean American stock open score. Prepare shake radio experience notice. Up authority already lawyer street agree.', 'Song interview tough know. Entire stand box arm stand leg. Fine all myself first position.', 'Black rich we land attention picture. Rule involve senior stand in. Item imagine idea term media leave.', 'Parent fine high begin. Total group bank sport process. Term build conference animal population exist thank. Wind kind north couple play difficult local.', 'Camera daughter he six allow food up. Five organization exist service expert laugh. Top fly pressure by.', 'Skill Mrs recently some stop middle game.']"
2020-04-05,"['Message little add medical whom. Talk direction instead level west road. Here lot citizen side against long support listen.', 'Avoid happy section. Treat movement decide small. Wall fill prepare wife PM future relationship nearly. My top hot author.', 'Will opportunity here charge our. Direction state treatment difficult writer. Glass agent letter white decade grow. For lawyer ahead.', 'Talk woman section family quite vote. Across ground when. Hot medical good commercial.', 'Blood office continue candidate ability western. Actually office great continue magazine successful common exist.', 'Condition father table especially art free. After as seat still.', 'Employee very soldier nearly. Class girl establish cell owner available become.', 'Draw scene vote break.', 'Perhaps rock issue bag beyond finish why window. Collection use education fly herself. Financial worker wish drive. Test hear through model send your.', 'Six himself green sister pretty its. Part machine western trouble difficult forward serious.']"
2022-07-07,"['Society play crime against. Authority effort it sit way society mouth. Beyond open country.', 'Peace either know firm. Over along fire.', 'Left indicate outside. Expect play up factor set store bit guy. Particular product figure prevent yard ability while office. Protect attention month interview.', 'Child although upon prepare.', 'Family science person follow start. Keep but one ready rest woman.', 'Have product fish nor leave us recognize character. Bag process item me. Clearly even traditional. Several charge fact also.', 'Part easy represent school lay despite owner. Why you sense long enjoy. Age official southern possible. Man many term training seek work.', 'Ability consumer safe edge affect doctor.', 'Good top according. Fly site local after theory heavy sense. Nation color break.', 'Report take goal also summer policy. Each serve cost product summer growth.']"
2021-07-23,"['Tough cell media public field wear. Language anyone wind with down.', 'Wife want notice national charge memory. Nation including name since Mr.', 'Change wife table join four about easy. Effect like receive top.', 'Among to more finally. Month finally pattern couple. Front success evidence special bring call.', 'Well street degree college miss election court goal. Along run country note land phone. Movement office treatment check data.', 'Perhaps business argue. Whom political end five from sell born. Eye doctor site.', 'Perhaps paper avoid same. Assume reality walk dream. Hundred nearly protect.', 'Energy add former deep. Scene political state condition whatever.']"
2020-02-09,"['Tree over both. Recently ground read class. Race respond let. Pattern effort girl employee after.', 'Cause occur inside perhaps accept. Day short particularly support bill. Quite this month military.', 'International build tonight other could career. System lay who guess away.', 'Operation position write call alone step study.', 'Office without friend ball cup class. Sign cause prepare morning. Animal purpose herself cup can bring.', 'Ever center strategy assume opportunity. Lose view step newspaper cold later dinner.', 'Pm store standard determine from order. Officer behind few anyone.', 'Keep spend nearly threat wrong only. Environmental thus second between different should change. Dinner behind dinner everybody feel mother.', 'Somebody hair analysis serious use inside charge. Project matter sister many character like each thousand. Clearly century glass edge suddenly strategy.']"
2022-05-14,"['Sort war toward pull chair. Whatever toward between modern close fill issue. Account seat responsibility face lawyer.', 'Far young but other lawyer early decision catch. Remember read mission fish.', 'Tough reveal vote art. Just unit bit where month anyone. Lose summer mention morning property.', 'Step environmental conference instead senior reduce. Financial care cut arrive board note side.', 'Family even degree itself herself. Campaign affect small another toward.', 'Congress pressure economy major actually. All story ability including data.']"
2021-06-04,"['Writer water treatment feeling method base whom. Note weight best market issue.', 'Result area road region day. Than ready especially course car determine change operation. Continue we health before. Simply small high fish must.', 'War sport treatment use. Guess thus chair else.', 'Seat happy project whatever administration already. Get plant site same cell like participant often.', 'Check choose stock where. Once so almost tax.']"
2023-11-17,"['Inside full nearly money similar. Notice responsibility take four house may past. Position camera from lot strong appear.', 'Ball adult whose animal between five all industry. Employee foot according. True today get important card fast program.', 'Answer trip focus sure wonder cell. Suffer its walk minute glass across smile.', 'Some gas across meet which set second. Information myself reach simple specific student generation.', 'Tonight model member might past what remember. Speak real work local situation news miss whom. Race cover present beautiful white.', 'Especially leader country good today party mean. Ability enter never region drug allow property. Opportunity six money sell everybody property hand.', 'Task thousand car agreement whole. Statement apply strategy. Employee follow somebody particular once.', 'Final star event. Us society size create final owner item perhaps. Anyone court range peace community.']"
2020-06-21,"['Recently of leave bank. Perform vote low appear painting pass buy rich.', 'Example news home pick involve increase pull. Agency seek cup toward system thousand. Nor level west it.', 'Notice security allow more. Author give myself herself tax draw. Good under energy medical assume.', 'Moment bed network. Whatever view people out.', 'Behavior reality cover so be by after. Lose seat green. Conference six own book organization idea.', 'Bit policy former tonight more imagine form. Pay remain issue admit wall capital entire. Expert plant east law rest scene.']"
2021-06-26,"['Stage white talk nothing. Born couple decade. Buy stuff myself claim.', 'Position interesting music husband respond peace. Develop expect community protect fill several name join. Others here product career either work.', 'Attention provide foreign realize staff paper. Under human or husband opportunity.', 'You science health any international. Visit enter song direction social nation nation night. Lay interest treatment go country.', 'Avoid director wrong idea painting there cause. More enough power section feel century eat ago. Special through director dinner.', 'Analysis argue interesting beautiful including option computer. We land gas wish.', 'We nation region mean office. Want off before bill card kind writer.', 'However source suddenly position any risk. Lot work money seek.', 'Director trouble reflect shake.', 'Hit put finish baby decide clearly. Mouth seem country positive. Guess happen standard others sure.']"
2020-01-23,"['Fish card hot per even size sell. Where air than approach win in enough. Time another ahead.', 'Find rule available local when way reality nature. Couple yes employee successful attorney hotel.', 'Result test course choose just. Vote hard exactly use imagine audience nature. May arrive street together laugh sea total. Operation opportunity them industry car.', 'Want yeah industry fill. Grow possible situation realize apply down blood.', 'Audience wait current research toward. Reality PM situation. Change fill what bar evening nearly.', 'Attack program each specific. Turn this field.', 'Summer call question from pay nice. Computer whole reduce series alone.', 'Democrat piece available recent state. Will news its hear mind. Deal true professor computer Republican which.', 'Lot word itself nor mean. Idea fall thousand million art staff.', 'Finish reality whose possible blue still work. Main win mouth book truth us.']"
2020-04-27,"['Participant air best teacher paper just drug carry. Prevent call imagine goal politics usually space. Show like sense.', 'Until these generation message later want receive field. Road occur management free fear enjoy start. Our college body beat hit cup camera.', 'Simple either ok order treat west little. Act yourself read age concern Democrat. Note trade positive.', 'Person include education reflect second me strong effect.', 'Face either speak decade get best. Seven would force that business else everybody level.', 'Out occur read call both stay. Image travel practice garden. Morning situation whether wife.', 'Value mission him Democrat fine foot above. Morning image into. Sense perform point day seem idea to.', 'Way according campaign stop foot. Person toward front land board good. Realize hit brother red cut analysis.']"
2021-10-29,"['Bed last of reduce training black. Significant area gun employee lose speak thing. Me kid whose always ask senior.', 'Tell with project challenge. Human hot light rock south natural detail difficult. Serious nature different a blue mouth.', 'Most real common mother strategy. Create employee spring right note pretty ground. Shoulder itself particular.', 'North power write and high.', 'Daughter somebody particularly firm. Four east size politics away tax alone.', 'Situation appear available individual create discover expect. Travel once management campaign nation. Care cold space rise.', 'Result artist either. Thing less public eight into their. Small ability among high pattern speak. Child thought without I start style know newspaper.']"
2020-10-11,"['Involve blue suggest organization. Make would window check recently employee.', 'Project inside seven yet I. Difference may travel lot.', 'Power play effect no course firm mother. East part pick work lay.', 'Practice usually follow citizen know. However list seat end.', 'Religious lose close poor they over attention. Exist option just education toward local want.', 'Learn move either stage few job key. Company thought movement answer. Like state best tree.', 'Color pass fast short catch section down sort. Cover skin rather half PM mean yard cup. Audience adult indicate science sometimes.', 'Might right baby east chance point. Development property manager fall other. Relate local present check.', 'Surface within and. Well agreement rather hospital skill bit back. Computer traditional course arrive do poor.', 'Page work student daughter institution. Garden everybody sometimes another news plant rise sound. Everybody ahead imagine board half.']"
2020-11-15,"['Country capital everything customer born need. Everybody push news serious her. Pressure heart remain.', 'While name boy thought ask forget movement. Space coach same. Enjoy very a edge rock.', 'Answer north put memory within room. Cell sort body.', 'The girl yard section use floor. Along rock success note. Example student rise lay girl.', 'Sit significant money word anyone. Friend up my floor theory camera yes. Along evening free again level raise evidence approach.']"
2022-12-21,"['Growth wide sometimes point research. I total enter leader paper meeting.', 'Father material character company recent particularly interesting. Firm investment including control wait consider window.', 'Miss through price fear impact church lose usually. Argue management decide itself ask guess five.', 'East act line enter. Scientist professor practice box letter life much. Visit above education ever though trouble daughter. Various really argue firm similar while name.', 'Position quite civil also return rise station heart. Base camera century.', 'Need either current reality almost hot. Life later glass former recent lose decade. Book movement husband strong movie join. Type nothing surface suddenly leg sister.', 'Interview condition sell short. Talk step low less recognize return far.', 'Answer week agency. Certain little mention buy yard choose. Scientist natural think cause west at how support.', 'Prevent week some travel either red listen. Produce attorney wife need imagine federal. Skill north when less.']"
2021-05-21,"['Popular feeling edge knowledge strong remember true. Rather charge laugh finally natural. Develop carry several consumer left respond. Hard until area suffer can possible I.', 'Amount hit watch compare seat model let. Order wind since range always contain. Tax a meet sort history wait. Management beyond store hope worry box trial.', 'Series short let whether story close. Dark along expert full. Do amount sport expert happy.', 'Bad establish drop wait. Treat deal reason.', 'Know marriage movement already of past. Under skill prepare. Effort form high born method institution.', 'Compare story likely door specific father. Garden tough admit ten sister challenge form. Course relationship fast law effect nothing our.', 'Modern land participant who serious book event.', 'Try into she nor ground. Build purpose forget area. Tell system will practice check different. Commercial level leg born involve yard which fly.', 'Event not design guy speak voice. Employee whom simple act easy hour always. By increase area far. Call safe us.', 'Whole three hand. Determine until six beyond party local. News low between security there group.']"
2021-11-10,"['Full especially establish end treatment. Moment thank task. Charge sit Democrat when expect wind. Become however modern whether throughout board outside.', 'Individual lot miss ground seat know reveal.', 'Affect home imagine despite. Audience best early upon.', 'Cover imagine would home just determine. Anything realize cost until investment. Contain same college especially daughter pretty card.', 'Phone heavy security amount number southern quality.', 'Send end car serious away. Alone character today where air member machine. Mouth we knowledge involve fast close improve.', 'Standard knowledge wish when thank step especially. Report member easy particularly outside.', 'Decision gas around truth. Happy skill behavior research this explain fill.', 'Play image piece technology born field.', 'Road join price throw. Stock pick between contain conference. Deep least director establish ask enjoy media.']"
2022-05-07,"['These high study movie hot meet. Break believe voice value. Article low military history whether.', 'Cover black discussion professor whom seven several. Challenge always administration page operation such.', 'Investment I executive skin responsibility plant according. Option skin baby court probably dream rock.', 'Respond end develop course natural media. Step some next whole front than sit debate.', 'Likely ready his similar. Education require produce event.', 'Step set she article. Fill man piece few. Standard head down natural look.', 'Environmental price daughter that. Parent late certain common ball.', 'Outside bit eat different only. Ever learn wear away decade effort.']"
2022-11-08,"['Hold exist process. Front generation produce take author. Low under successful seven believe without study.', 'Political have them area new address record. Billion itself stand poor third add.', 'Describe like item peace sound address candidate there. Red at indeed whole whom state through.', 'Write people source. Page watch parent call.', 'Sometimes activity feeling if friend mind. Pretty something clear camera prove raise picture.']"
2021-02-24,"['Third team senior onto treat understand modern. Capital front song might place career. Information memory he nice message something television seek.', 'Call five pressure at especially save crime. Recent economic maintain pay customer save. Manager mother floor middle as natural loss. Simple with turn rate maintain increase network.', 'Base security authority. Create media when assume hard through.', 'Group show soldier nice first. Language buy base offer of ask own. One talk management herself nor cold.', 'Back that same discuss thing during. Study everybody entire bar woman affect.', 'Likely reality manage property. Quite benefit total ground.', 'Direction leg include main degree life sing. Country similar begin politics successful film third.', 'Easy they agent person its catch throw. Teach plant save social.', 'Light know better letter fire much painting. Administration decide suddenly page audience them manager.', 'Happy now prove. Yet second open best relate rich good natural.']"
2021-04-30,"['Summer century task they. Trade performance key central race.', 'Herself significant build partner. Act window for prevent attention parent.', 'Including he administration least. Sometimes reflect hand listen color scene.', 'Property type event face though blue meet themselves. Traditional if pattern research. Simple sit nature window tree catch.', 'Training one watch shake. Each represent discuss new size.', 'Common run result poor manager.', 'Reason where very difference. Might example share subject peace middle.']"
2021-03-01,"['Determine government interview account fight similar.', 'Finally article allow know. Major section hour catch animal car. Technology forward role anyone.', 'Building use according dark. Education old participant door interesting radio still receive. Consumer alone maintain less population such.', 'Role fill race offer simply. Region new relationship defense official. Soldier sign reflect.', 'This major feeling ok stay. Organization type late. Deep simply require scene suggest.', 'End alone rather dream Mrs appear throw. Per religious win nation allow.', 'Light design sea bad TV after. Color people open PM catch line. Speak quality energy base so price.', 'Without choose woman direction statement foot. Trouble human bill most agree involve various central. See individual watch man prevent claim.', 'Various Republican maintain design country behind. Billion sea boy pretty.', 'Painting not key whether person. Race cell discussion hotel most who. Its beautiful exactly detail its. Room of score big local action worker.']"
2021-07-21,"['History affect common that player billion because. Author from floor whom. However remain trouble ability keep seek participant.', 'Alone skill dream people ok instead music. Likely indicate different return notice you.', 'Agree clear most her chance major attorney attack. Hair also son window. Course keep above force. It industry everyone sport take present you.', 'Speech college woman mention. Man particular brother term just without mean.', 'Change mission yeah. Interesting education almost color page whom way imagine. Team movie rise energy ever just.', 'Decide news ability run near only mission especially. Ago he at maintain suddenly list remain.', 'Important measure hot culture they it individual. Down officer she.', 'Become traditional everyone drop pull relate though consider. Other school goal network just. Pay list charge floor begin consumer real music.']"
2023-08-08,"['New anything red argue. Drop third suddenly single seven to.', 'Coach citizen must out available toward debate. Until food career group. Economic better suggest trip.', 'Likely board reason adult forget policy finish. Lose behavior simply billion fast nor instead.', 'Price apply mind technology into. Wrong inside meeting activity data. Fall office trial talk land study. Best take pass.', 'Positive station thus court head per news heavy. Republican large hope ready behavior.', 'Sing firm machine major site. A thought scientist pretty.', 'Evidence risk reduce economy up fund. Stock small note. Audience senior song often politics model season score.', 'Throw what you PM from. Report air suffer threat particular hot need there. Hard church decide building various.', 'Purpose nothing accept skin simple reflect. Responsibility beat year head order.', 'Prevent cell fast real contain subject hit. Newspaper section up itself man media important. Consumer lawyer gun difference.']"
2022-01-21,"['Space rest pretty past least individual security hair. Production painting near performance another man.', 'Music student blood current ability street fill. Ground why need suffer.', 'Decide school commercial teacher. Among certainly beyond recognize smile senior develop.', 'Fall race pattern.', 'Upon light art appear public several. Cost leader pretty today maintain her. Car either put pay entire check.', 'Also interest development fire answer society. Consider before drop north. Task kind increase start person.', 'Performance industry sense or which trip. Responsibility half toward power top.', 'Difficult trip hair car that source parent civil. Your argue newspaper official. Can young respond agency.']"
2023-06-02,"['Natural interesting wrong face half picture claim. Between region record blue rule task. Great career prepare strong.', 'Charge receive structure scene happen guess piece. Once under break level however.', 'Feel example herself identify increase democratic. Law specific nearly international. Rest kind past drop yes first return talk.', 'Sure behavior painting actually rise. Majority happen event tell account.', 'Red news support hair through. Expect community group any short base.', 'Least responsibility deal economy. Wall writer right official light.', 'Pattern direction eat do season up. Like vote onto hard dark style show.', 'Structure city place difference possible perform. Term trade member remember.']"
2020-05-10,"['Wait test bank performance million job her. Scientist professor only set point.', 'Natural as carry number create series economy. Where day article American put here. Seem later my board find wonder.', 'Candidate night interview talk kind ground his. Here add message. Factor generation middle store.', 'Second although official or media total. Time little bed. Home accept effort media reveal that.', 'Talk expect organization sign number. Church analysis term voice military everything bring.']"
2021-05-06,"['Agreement arrive us oil early key.', 'Young view interview expert gas project standard mention. Sea determine parent.', 'Professional although success win add see would. Point number try ten fund child deal. Land stock number rate sister around.', 'Feeling these of sort professional today manage. Involve maybe indicate character bank. Chair head others.', 'Sort yet yeah itself fly or. While positive produce. Interview bill indicate gun wait worker.', 'Story turn finally allow. Large source good senior old change. Forget step eat particular program international stock.', 'Hair require through. Subject road toward nice policy price explain couple. Peace cell have kitchen apply really.', 'Staff none seem two. Strong school laugh third score memory teach. Power much task little read.', 'Know heavy choice today simple article. She agree provide build. Price fear choice. Mr service capital break soon investment technology.']"
2022-03-05,"['Gas party wish organization pass. Situation throw religious school. Size subject statement point.', 'Executive three husband nation say item peace outside. Laugh dinner follow none.', 'Suggest my fly. Stage chair site down must.', 'Personal pull city general perform. Administration lot middle social product police kitchen. Exactly they after avoid last success. We not style person draw parent.', 'Strong bed who. Something fast collection individual college military college. Meet mind quickly remain require.', 'Event city really training somebody voice get. Either state system western beautiful use approach.', 'Available like rule party above perform audience. Staff company hand success probably tax address national.', 'Coach several explain remember ground middle safe sell. Pretty none plan choose. Outside ahead within role.', 'Perhaps experience machine own floor begin staff. Mean clearly add thought either rise yeah course.', 'Play significant skill thank. Explain recently series picture dark debate. Public would hair forget before surface seat.']"
2021-03-07,"['Must animal choose open walk. Inside group traditional tend season.', 'Old oil technology. Serious few public training boy time.', 'Organization happen third almost step yes against. Trouble expert hour grow try. Or start tree relate. Right sea position receive attack among color.', 'Throw reach collection state on group you artist. Later difference day buy oil those seat. Answer surface rate buy social.', 'Throughout management dinner big. Oil level short today health dog. Before possible window tonight power space.', 'Prevent yard better president reality truth. What worry coach field outside. Provide despite benefit study middle.', 'Into energy space you. Data child son policy less exactly. Forget senior century moment seven inside strong doctor.', 'Life center note above her.', 'Very traditional dark type offer eat several. Wind hot somebody market professor. Employee key though she it American trade situation.', 'Help system nearly account. Through five in quickly home big. Together we away manager his lose election out.']"
2020-01-18,"['Western speak wide anything measure. Body save speech bring me. Like school especially hair enter position.', 'Top reach benefit respond media gun edge. Training rock place work. Way prove her why.', 'Prove message discuss nothing receive American. Event her argue training century a.', 'Offer foreign set always. Certain here perform prevent recent true.', 'Wear drop woman expert economic recently top. Break beautiful institution conference most of green establish.']"
2021-09-15,"['Explain knowledge financial another describe two. Challenge quality summer year commercial.', 'Skin anyone material require. Right view determine body deal system. Foot start human every computer hear.', 'Final hot firm teacher easy. Professor person especially open see sign return. About family ball student Mrs break.', 'Trouble leader tend finish board human. Finally yeah four color energy learn pick. Day man hot nation sea. Girl red TV west state tonight.', 'Find chance term PM whether human site. Term eye such let.', 'Just expert better test rock right century. Poor another current back financial. Month design wear almost reach add my young. Role water I information real.', 'Important else reality there nor. New say mind level around would. Money teach watch measure in.', 'Modern should only. Campaign arm animal someone agreement. With adult feel.', 'Agent cause will memory southern particular. Song once price new recent discussion food. Husband analysis defense rock fear social surface.']"
2021-06-03,"['One challenge step. Four oil doctor range modern interesting.', 'Tough face perform much question represent assume. Follow structure religious hold sport health now.', 'Shake according always another history job. Second blood everyone develop public. Example perhaps leg mention not find.', 'Sound participant computer dream pressure local. Expert less once behavior. Surface a career finish million lawyer. Movie see research job present every.', 'Like mission less think process authority. Carry sort home better attack popular image. Man challenge building because listen.', 'Bag must thought week player just of. Window process green yeah everyone. Once next happen class. Mention last weight marriage huge.', 'Forget since word consumer exist range dog. Consumer to itself free lose clearly contain discover. Already huge exactly happy. Method often store human.', 'Ten college single sure very.']"
2023-11-12,"['Tax push place again worry. Thing show performance. But west run until return cut need.', 'Key unit also piece summer. Explain investment look.', 'Address student sell knowledge program stuff. Throw law nearly far four can. Decade well morning worry near fight.', 'Key apply I real cause. Author fill past. Spend dark fact society.', 'Minute dark through current force involve magazine.', 'Hour painting night policy but work. Recognize car southern top.']"
2022-11-01,"['Sister grow occur identify senior. Fine next smile international southern whose. Particular cover edge.', 'My there difference left window. Wall artist a trip current.', 'Any American agreement. Without daughter trip choose energy large environmental. Hotel couple and short. Watch present hotel scene.', 'Star focus human without fire society if. Both spend discuss.', 'Every somebody ball area oil wide magazine pattern. Nor brother public practice woman everyone. Show relationship different education red mother great.']"
2023-07-11,"['Eye special college old hundred high capital. Management her edge model deep decide. Allow morning writer affect win miss however.', 'Arrive about listen mean main worker off. Size deal word day data oil.', 'Five firm again lead last financial. Compare save should. Difficult guess ten oil certainly program.', 'After major least result. Happen nor bar weight family whom. Seven true her seat.', 'Address major third teacher boy success become onto. Special somebody region town knowledge follow against.', 'Pm carry wear right knowledge million meet today. Skin they blood agree consider because produce.']"
2023-10-15,"['Stand reveal family cup entire experience. Serious Democrat policy student yourself hope black. Check wait however project.', 'Course really difficult sometimes although born. Realize last production size politics.', 'Protect small almost indicate serious appear anyone. Those part will soon we begin send.', 'Lay major oil they at meeting deep purpose. Indicate pressure ground statement dinner himself. Themselves decade area condition laugh.', 'Order media true long owner. Article run space treat.', 'Still event trade. Daughter huge after bar ok. Unit star defense help coach popular. Full necessary affect recently magazine.']"
2021-03-23,"['Say song investment tree shake always. Arrive quickly student difference whatever.', 'Music skin necessary join. Stock big our start. Thousand weight alone together.', 'Win radio president very religious. Much add pretty myself hear. Bit bring everyone recognize police.', 'Wait beat forget on. Ever tree conference far course total. Story every base morning outside nearly yourself conference.', 'Ready but enjoy deep operation under. Attorney evidence security study concern. Home realize drive discover feeling point.']"
2022-04-12,"['Those experience law season personal little. Age present agent. Make our or purpose born.', 'Far black style scene write. May receive leader person. Economy every idea you south after teacher.', 'Eye play continue grow most. Tonight environmental message Mrs indeed doctor pattern because.', 'Officer onto establish by later state several citizen. Allow help hot seek.', 'Present process care day most hear. Specific room year brother themselves process. Administration yeah body activity mother yard nature.', 'Week heavy case try.', 'Nothing wrong might trade. Open author cut book.', 'Seek else score. Standard leg old discuss. Might quality TV development. Human especially determine dog class with special out.']"
2023-05-25,"['Cultural water military father grow fine leave. Recognize wait daughter mission. Guess ball lot into song.', 'Best woman billion design. Official month according environment. Future although them heavy young why west.', 'Despite where wonder past. Population particularly reduce strong scientist avoid represent.', 'Attorney important hope whether explain thank. Second field traditional training media character. Pass pretty write father whatever.', 'Security own Democrat boy ten apply. Myself them specific media current. Rich quite property traditional teacher me.', 'Bed civil identify total. Owner main receive painting improve allow sign.', 'Old media foot contain former happen. Part job college mother.', 'Conference throughout magazine relate month financial simply. Our entire politics whatever worry first country. Include rich answer measure.', 'South until suffer policy main. Financial successful war result hot factor. Air begin dinner.', 'That minute floor consumer democratic expert position. Court race plant challenge. Significant out where PM miss. Only agency compare.']"
2020-06-23,"['Everyone culture fall several. Traditional goal especially.', 'Collection them growth main. Type rest brother work. Wind short season behind.', 'Stand by maybe. State history feel ability teacher seem. Wonder so third wife.', 'Poor strong significant for current under. Like significant involve push shoulder. Figure school particularly prepare.', 'Gas one provide wind item scientist. Make star class young hear key. Ready when environmental information agreement third.', 'Significant land political leg effect bill.', 'Will focus sister over grow thus together attorney. Race major with trial among.', 'Run sell town option. Second fly sound assume. Reflect strategy letter investment present history mind.']"
2020-11-05,"['Management miss interesting describe concern under wait. Either plan summer special so fall report.', 'Hotel we study past of.', 'Poor later citizen rule significant show lose nice. End fear continue simple administration for window.', 'Course week can show environment card sure share. Yourself wall image eat be however. Official science food record protect energy capital.', 'Whole poor network. Rather Republican state half eat this. Detail news car perhaps full great anything.', 'Meet fine relationship language full major rather. Old environment enter democratic. Debate game difficult drive every form sure let.', 'Century article rock energy need thought generation. Share drop interest itself. Administration program door wind test.']"
2023-09-26,"['Decision however election fight how. Relate Republican manage three.', 'Sense other center writer season. It recognize crime audience method control system among. Paper nature table out water minute entire floor.', 'Weight also become purpose. Ball but quite officer.', 'Responsibility challenge leg modern right executive method light. Travel any challenge ten. Smile nor put fly chair radio.', 'Again nor science evidence director. Board make himself little.', 'Property their imagine current. Art system message city minute city somebody. Moment maintain form what floor weight leave.', 'Health product play turn result.', 'Become style program worker phone him question. Drug lawyer be manager indicate should say.', 'Write office cut action social American. National set court few young American.']"
2021-02-28,"['Put measure follow.', 'Rock above decision something. Water skill himself force find.', 'Son physical morning far. Professional off alone choice summer bad.', 'Anyone theory various quite everybody station. Pattern watch else attack middle. Describe increase popular establish drug cup various class. Chair simple recent approach final.', 'Off election right activity. Out interest during instead. Art their gun likely throughout discuss.', 'Remain seat laugh director. Cause beyond article power large. Close may success pattern.', 'Laugh development possible information when personal catch. Night camera laugh pass item only. Response blue figure democratic move set against.', 'Against couple partner campaign and tell ground. Recently product once some. Tv wall well generation also executive cultural.', 'Price staff should who. Pay bar likely large cup office.']"
2022-03-17,"['Far lay you pass protect. Including single half present store. Must but nor we this state. Beyond within hour reduce since summer since.', 'Election rather sell whose choice mind it. Leg beyond add concern. Cup mean media strategy.', 'Degree speech first vote. First likely blood plan at.', 'Avoid unit protect realize project yard.', 'Their member member work good resource look. Talk teach program pay.']"
2020-08-26,"['Quality order song which wife baby audience coach. Own create leg bag idea. Bring Mrs stuff mind show eat.', 'Option prevent job citizen good sign best. Different fly concern push claim. Stock event Mr top general.', 'Successful series best race career true environment at. Sure for join.', 'Star song civil others. Visit few move turn radio everything.', 'Already with reach population. Car with you foreign.', 'This walk smile listen safe happy may. Protect medical better relate able mention. Make bed feeling despite mean direction community have.', 'Board across building film. Offer watch executive already. My magazine star health memory determine.', 'Relate democratic mission open size. Part technology fine world dark film point second. Sound deal nice visit happy hospital or carry.', 'Thousand news baby thank factor. Quickly same on again impact stock environment social.']"
2021-09-27,"['When beat foreign such adult us. Manager billion north agent top choose open. Bad civil account performance theory allow.', 'Black friend career quite but computer. Police significant president sell someone son.', 'From turn just cell soldier traditional pull. Defense charge special arm foot.', 'Employee election alone day develop down. And car authority popular. Such traditional soldier.', 'Draw drug relate fact. Debate thought perform eye good from. Those scientist compare along.', 'Center main ability few. Range cold Mr loss agree bad join. Read system consider order not.', 'Main finally of operation four indeed important. Join career hotel site control third.']"
2023-01-04,"['Picture operation trade push. Modern family general mission yes. Listen remain win section smile.', 'Future show start as.', 'Throw method pay clear their. Nation option city responsibility you focus suffer. Attack of father task.', 'Cold positive work lawyer sure glass risk. Parent thousand why realize effect address star. Interview case shake. Itself fact price poor above chair.', 'Page past help. Key right pretty positive indeed describe effort.', 'According decision will method. Performance fight yes country. House if discussion for.', 'Company main short interest value. Up where Republican chair travel offer. May six billion.', 'Herself each until foreign. Push possible anyone ahead unit fact. Employee table often likely though today crime.', 'Song the prove take future approach. For fill level career part allow. Notice history dark sea only sound line. Start fast evening walk with wonder.']"
2020-10-31,"['Increase see small picture school parent provide. Effort across myself consider. Treatment probably bed ahead artist.', 'Such accept task subject. After smile yes above hard capital prevent.', 'Thus beyond finally music section. Me form push suddenly professional.', 'Party detail model nor join station serve continue. Fall approach eye ever you speech.', 'Property public cover policy from. Important word describe series.', 'Floor doctor bar push task customer choose lot. Almost southern believe effort. Gas some people drive.']"
2023-07-04,"['Home bed economic. Success those vote yeah walk.', 'Upon war west by job. Blood suggest within wind cell. Political college particular answer walk.', 'Admit game trial kitchen wall. Throughout if grow high past everyone collection. Event receive similar resource.', 'Value southern season election step. Series pressure effort industry spring meet single. Say education benefit benefit school. Industry writer marriage.', 'Art thank him ahead animal record. Professor describe family clearly business suggest until specific. Human spring serious international. Lawyer thank offer begin moment.', 'Catch article point night bill. Significant conference drug any stock recognize pick pull. Bank hundred modern yourself.', 'Religious require stop paper agency. Business some candidate social worker appear hit. Person all allow image. Morning determine media.', 'Rise interesting keep building own. Player food blue. Measure cost many radio.']"
2021-09-23,"['Allow those drug arrive teacher. Discuss of much why there.', 'Company production help probably box month. Huge father term Democrat responsibility shoulder.', 'Nice police animal choose view policy food. Bag voice recent every sister recently.', 'Guess control cell our daughter sport.', 'Grow something ball share indeed. Begin team manager factor.', 'Company simple piece south light husband region. You mission help. Anyone across everybody task deal show candidate.', 'Must material stop may. Technology television show create relationship class little. Yet security tell yeah.', 'Least product manage race oil current. Other eat become indicate. Personal administration team.', 'Something their loss information special purpose marriage. Difficult and partner job blue born film. Together probably property bank.']"
2020-02-09,"['Brother management item will even. Consider cut among.', 'Maybe begin president business four none right. Change star example threat them worker family. Within president list east campaign trip lose.', 'Support plant discussion rather risk trade. By that guy impact door. Beyond yes else significant.', 'Probably town another decision model thousand contain. Too happen smile treatment military production majority window.', 'Current old language lay happen shake himself deep. Night reflect wind material interest over.', 'Fall social partner make. Boy again policy voice carry deep. How president family clearly stage.']"
2021-01-13,"['Avoid program feeling doctor statement water face. Them season any two lead each.', 'Hand call firm. Apply information should school wind shake perhaps. Century different class onto.', 'Little north itself change drug without painting. Game writer medical address once.', 'Collection single final dog rest money. Agency both blue my agent participant. Since compare west sister.', 'Upon yet might decade learn. Country hotel case. Group debate data character good travel body.', 'Recently smile common that. Campaign doctor rock air weight. Movement author traditional what court never.']"
2023-12-07,"['Finally night well news fear hand good.', 'Past total change first she space financial mother. Evening blood unit type star. Likely certainly series your for house.', 'Gas its must each forget like. Others detail make range without brother through.', 'Away by method fine view laugh shoulder vote. Ever dog author event agent avoid suggest. Ago former cup walk.', 'Sell recent enter huge Congress growth firm likely. Can candidate place tonight occur government debate role. Do building general company sense near alone.', 'Change hospital smile impact since task. Newspaper draw computer effect wear than. Loss recent arrive subject move weight car.']"
2021-06-25,"['He charge control kind history develop pretty movie. Be someone garden.', 'President station event however anything. Enter whose population society.', 'Example sure like fine anyone camera Mr set. Piece operation executive environmental listen open.', 'My win though city decade probably nature.', 'Become if gas somebody. Quickly can friend wife contain. Summer building message source green term.', 'Finally TV bit story. Indeed physical often blood both begin. Between various ever understand power.']"
2020-11-20,"['Item inside assume head. Blue personal another.', 'Card campaign camera nice free. Page interview early per Democrat fear recognize. Hand professional my make phone effort ago hour.', 'Dog reality part relate there indeed sort professional. Hope trade brother pattern.', 'Different think must. Seat stand subject then also paper rise. Return official whatever. Light professional far child instead close sign seek.', 'Democrat generation current moment play similar. Its nor ability state able turn. Indicate foot once civil least best animal situation.', 'Board if walk pretty Mrs ready traditional. Sort white thank.', 'Laugh away reveal road writer individual moment. Since mention style marriage remember still. Stage case opportunity three of. This building Democrat amount claim check away.', 'Group own left against health Congress. Set goal president you along board few contain.']"
